{"options":{"comment":null,"compatopts_for_requires":true,"compat_wrappedjsobject":false,"compat_metadata":false,"compat_foreach":false,"compat_arrayleft":false,"compat_uW_gmonkey":false,"compat_forvarin":false,"noframes":null,"awareOfChrome":false,"run_at":null,"user_agent":"","override":{"excludes":false,"includes":false,"matches":false,"merge_excludes":true,"merge_includes":true,"merge_matches":true,"orig_excludes":[],"orig_includes":[],"orig_matches":["http://tampermonkey.net/scripts.php"],"orig_noframes":null,"orig_run_at":"document-idle","use_excludes":[],"use_includes":[],"use_matches":["https://s3.kingtime.jp/admin/*"]}},"settings":{"enabled":true,"position":1},"meta":{"name":"UserScript_for_king_of_time","uuid":"2185d189-44fb-4ae3-bb44-ab717ec31129","modified":1448111860416}}